voyageID,yearIn_num,voyage_duration,reason
AV00003,1868,0,nonpositive
AV00015,1878,0,nonpositive
AV00036,1849,0,nonpositive
AV00037,1850,0,nonpositive
AV00038,1851,0,nonpositive
AV00040,1852,0,nonpositive
AV00105,1839,0,nonpositive
AV00113,1813,0,nonpositive
AV00159,1891,0,nonpositive
AV00193,1862,0,nonpositive
AV00208,1863,0,nonpositive
AV00213,1866,0,nonpositive
AV00214,1867,0,nonpositive
AV00217,1870,0,nonpositive
AV00218,1871,0,nonpositive
AV00219,1872,0,nonpositive
AV00243,1897,0,nonpositive
AV00245,1898,0,nonpositive
AV00270,1870,0,nonpositive
AV00279,1874,0,nonpositive
AV00281,1875,0,nonpositive
AV00283,1876,0,nonpositive
AV00287,1880,0,nonpositive
AV00288,1881,0,nonpositive
AV00289,1882,0,nonpositive
AV00291,1885,0,nonpositive
AV00292,1853,0,nonpositive
AV00293,1854,0,nonpositive
AV00294,1855,0,nonpositive
AV00295,1856,0,nonpositive
AV00296,1857,0,nonpositive
AV00298,1860,0,nonpositive
AV00299,1861,0,nonpositive
AV00300,1862,0,nonpositive
AV00301,1863,0,nonpositive
AV00302,1864,0,nonpositive
AV00304,1865,0,nonpositive
AV00332,1836,0,nonpositive
AV00333,1836,0,nonpositive
AV00335,1838,0,nonpositive
AV00345,1871,0,nonpositive
AV00346,1872,0,nonpositive
AV00347,1873,0,nonpositive
AV00348,1874,0,nonpositive
AV00351,1879,0,nonpositive
AV00352,1880,0,nonpositive
AV00353,1881,0,nonpositive
AV00354,1882,0,nonpositive
AV00355,1883,0,nonpositive
AV00356,1884,0,nonpositive
AV00357,1885,0,nonpositive
AV00358,1886,0,nonpositive
AV00359,1887,0,nonpositive
AV00367,1855,0,nonpositive
AV00382,1879,0,nonpositive
AV00383,1880,0,nonpositive
AV00384,1890,0,nonpositive
AV00389,1893,0,nonpositive
AV00390,1899,0,nonpositive
AV00420,1872,0,nonpositive
AV00421,1873,0,nonpositive
AV00422,1874,0,nonpositive
AV00423,1875,0,nonpositive
AV00429,1885,0,nonpositive
AV00430,1886,0,nonpositive
AV00431,1886,0,nonpositive
AV00432,1887,0,nonpositive
AV00436,1892,0,nonpositive
AV00454,1862,0,nonpositive
AV00471,1851,0,nonpositive
AV00472,1852,0,nonpositive
AV00473,1853,0,nonpositive
AV00475,1854,0,nonpositive
AV00477,1856,0,nonpositive
AV00478,1857,0,nonpositive
AV00479,1858,0,nonpositive
AV00480,1859,0,nonpositive
AV00481,1859,0,nonpositive
AV00482,1860,0,nonpositive
AV00483,1860,0,nonpositive
AV00484,1861,0,nonpositive
AV00488,1864,0,nonpositive
AV00489,1865,0,nonpositive
AV00491,1867,0,nonpositive
AV00492,1869,0,nonpositive
AV00495,1885,0,nonpositive
AV00503,1897,0,nonpositive
AV00504,1898,0,nonpositive
AV00505,1899,0,nonpositive
AV00527,1856,0,nonpositive
AV00597,1852,0,nonpositive
AV00598,1853,0,nonpositive
AV00599,1854,0,nonpositive
AV00600,1855,0,nonpositive
AV00601,1856,0,nonpositive
AV00602,1857,0,nonpositive
AV00605,1858,0,nonpositive
AV00606,1859,0,nonpositive
AV00607,1860,0,nonpositive
AV00608,1861,0,nonpositive
AV00609,1862,0,nonpositive
AV00610,1863,0,nonpositive
AV00612,1864,0,nonpositive
AV00613,1865,0,nonpositive
AV00614,1866,0,nonpositive
AV00615,1867,0,nonpositive
AV00616,1868,0,nonpositive
AV00617,1869,0,nonpositive
AV00618,1870,0,nonpositive
AV00619,1866,0,nonpositive
AV00636,1818,0,nonpositive
AV00640,1821,0,nonpositive
AV00648,1885,0,nonpositive
AV00649,1886,0,nonpositive
AV00650,1867,0,nonpositive
AV00653,1868,0,nonpositive
AV00664,1827,0,nonpositive
AV00675,1820,0,nonpositive
AV00676,1821,0,nonpositive
AV00682,1828,0,nonpositive
AV00699,1854,0,nonpositive
AV00700,1855,0,nonpositive
AV00702,1857,0,nonpositive
AV00705,1861,0,nonpositive
AV00706,1862,0,nonpositive
AV00720,1888,0,nonpositive
AV00721,1889,0,nonpositive
AV00722,1890,0,nonpositive
AV00723,1891,0,nonpositive
AV00724,1892,0,nonpositive
AV00733,1860,0,nonpositive
AV00761,1834,0,nonpositive
AV00762,1834,0,nonpositive
AV00763,1834,0,nonpositive
AV00768,1842,0,nonpositive
AV00773,1860,0,nonpositive
AV00795,1837,0,nonpositive
AV00810,1836,0,nonpositive
AV00819,1847,0,nonpositive
AV00829,1856,0,nonpositive
AV00878,1844,0,nonpositive
AV00884,1883,0,nonpositive
AV00885,1884,0,nonpositive
AV00886,1885,0,nonpositive
AV00887,1816,0,nonpositive
AV00888,1816,0,nonpositive
AV00924,1894,0,nonpositive
AV00925,1895,0,nonpositive
AV00926,1896,0,nonpositive
AV00927,1897,0,nonpositive
AV00928,1898,0,nonpositive
AV00930,1899,0,nonpositive
AV00955,1867,0,nonpositive
AV01016,1840,0,nonpositive
AV01043,1836,0,nonpositive
AV01060,1863,0,nonpositive
AV01065,1873,0,nonpositive
AV01094,1890,0,nonpositive
AV01100,1851,0,nonpositive
AV01101,1852,0,nonpositive
AV01103,1854,0,nonpositive
AV01108,1860,0,nonpositive
AV01111,1865,0,nonpositive
AV01115,1872,0,nonpositive
AV01116,1873,0,nonpositive
AV01117,1874,0,nonpositive
AV01118,1875,0,nonpositive
AV01119,1876,0,nonpositive
AV01121,1879,0,nonpositive
AV01126,1885,0,nonpositive
AV01145,1852,0,nonpositive
AV01176,1849,0,nonpositive
AV01206,1822,0,nonpositive
AV01207,1823,0,nonpositive
AV01208,1821,0,nonpositive
AV01222,1830,0,nonpositive
AV01224,1861,0,nonpositive
AV01225,1862,0,nonpositive
AV01227,1865,0,nonpositive
AV01232,1871,0,nonpositive
AV01233,1872,0,nonpositive
AV01234,1873,0,nonpositive
AV01235,1874,0,nonpositive
AV01236,1875,0,nonpositive
AV01237,1876,0,nonpositive
AV01238,1877,0,nonpositive
AV01267,1866,0,nonpositive
AV01268,1867,0,nonpositive
AV01289,1878,0,nonpositive
AV01315,1847,0,nonpositive
AV01351,1859,0,nonpositive
AV01353,1861,0,nonpositive
AV01365,1838,0,nonpositive
AV01367,1830,0,nonpositive
AV01368,1831,0,nonpositive
AV01397,1837,0,nonpositive
AV01419,1877,0,nonpositive
AV01421,1879,0,nonpositive
AV01424,1886,0,nonpositive
AV01479,1870,0,nonpositive
AV01480,1871,0,nonpositive
AV01481,1872,0,nonpositive
AV01482,1873,0,nonpositive
AV01502,1883,0,nonpositive
AV01506,1886,0,nonpositive
AV01507,1887,0,nonpositive
AV01508,1888,0,nonpositive
AV01509,1889,0,nonpositive
AV01510,1890,0,nonpositive
AV01531,1887,0,nonpositive
AV01534,1893,0,nonpositive
AV01537,1896,0,nonpositive
AV01538,1897,0,nonpositive
AV01619,1845,0,nonpositive
AV01650,1841,0,nonpositive
AV01652,1842,0,nonpositive
AV01654,1844,0,nonpositive
AV01655,1845,0,nonpositive
AV01656,1846,0,nonpositive
AV01657,1846,0,nonpositive
AV01658,1847,0,nonpositive
AV01659,1848,0,nonpositive
AV01660,1849,0,nonpositive
AV01661,1850,0,nonpositive
AV01662,1851,0,nonpositive
AV01663,1887,0,nonpositive
AV01664,1888,0,nonpositive
AV01666,1890,0,nonpositive
AV01667,1891,0,nonpositive
AV01668,1892,0,nonpositive
AV01669,1893,0,nonpositive
AV01685,1885,0,nonpositive
AV01693,1891,0,nonpositive
AV01704,1899,0,nonpositive
AV01725,1822,0,nonpositive
AV01750,1850,0,nonpositive
AV01778,1866,0,nonpositive
AV01785,1855,0,nonpositive
AV01826,1817,0,nonpositive
AV01827,1818,0,nonpositive
AV01888,1858,0,nonpositive
AV01899,1893,0,nonpositive
AV01900,1881,0,nonpositive
AV01901,1882,0,nonpositive
AV01902,1883,0,nonpositive
AV01904,1885,0,nonpositive
AV01905,1886,0,nonpositive
AV01919,1890,0,nonpositive
AV01920,1891,0,nonpositive
AV01921,1892,0,nonpositive
AV01927,1817,0,nonpositive
AV01954,1883,0,nonpositive
AV01955,1884,0,nonpositive
AV01956,1885,0,nonpositive
AV01957,1886,0,nonpositive
AV01966,1893,0,nonpositive
AV01980,1882,0,nonpositive
AV01983,1898,0,nonpositive
AV01984,1899,0,nonpositive
AV02026,1853,0,nonpositive
AV02043,1844,0,nonpositive
AV02058,1818,0,nonpositive
AV02077,1823,0,nonpositive
AV02082,1838,0,nonpositive
AV02091,1857,0,nonpositive
AV02093,1834,0,nonpositive
AV02147,1845,0,nonpositive
AV02148,1846,0,nonpositive
AV02149,1847,0,nonpositive
AV02150,1848,0,nonpositive
AV02152,1849,0,nonpositive
AV02177,1884,0,nonpositive
AV02234,1846,0,nonpositive
AV02247,1851,0,nonpositive
AV02273,1856,0,nonpositive
AV02278,1842,0,nonpositive
AV02333,1862,0,nonpositive
AV02350,1890,0,nonpositive
AV02367,1861,0,nonpositive
AV02373,1871,0,nonpositive
AV02414,1895,0,nonpositive
AV02415,1896,0,nonpositive
AV02416,1897,0,nonpositive
AV02418,1898,0,nonpositive
AV02419,1899,0,nonpositive
AV02467,1858,0,nonpositive
AV02515,1866,0,nonpositive
AV02557,1849,0,nonpositive
AV02558,1850,0,nonpositive
AV02559,1851,0,nonpositive
AV02561,1852,0,nonpositive
AV02562,1853,0,nonpositive
AV02563,1854,0,nonpositive
AV02565,1855,0,nonpositive
AV02566,1856,0,nonpositive
AV02567,1857,0,nonpositive
AV02568,1858,0,nonpositive
AV02569,1859,0,nonpositive
AV02570,1860,0,nonpositive
AV02580,1815,0,nonpositive
AV02583,1816,0,nonpositive
AV02584,1816,0,nonpositive
AV02585,1817,0,nonpositive
AV02616,1849,0,nonpositive
AV02625,1845,0,nonpositive
AV02640,1854,0,nonpositive
AV02646,1856,0,nonpositive
AV02673,1842,0,nonpositive
AV02677,1865,0,nonpositive
AV02680,1868,0,nonpositive
AV02706,1874,0,nonpositive
AV02708,1875,0,nonpositive
AV02710,1877,0,nonpositive
AV02769,1840,0,nonpositive
AV02785,1841,0,nonpositive
AV02797,1839,0,nonpositive
AV02800,1843,0,nonpositive
AV02858,1869,0,nonpositive
AV02863,1845,0,nonpositive
AV02910,1876,0,nonpositive
AV02925,1883,0,nonpositive
AV02927,1884,0,nonpositive
AV02930,1886,0,nonpositive
AV03004,1875,0,nonpositive
AV03005,1876,0,nonpositive
AV03007,1867,0,nonpositive
AV03008,1868,0,nonpositive
AV03009,1869,0,nonpositive
AV03010,1870,0,nonpositive
AV03011,1871,0,nonpositive
AV03012,1872,0,nonpositive
AV03015,1837,0,nonpositive
AV03016,1833,0,nonpositive
AV03044,1838,0,nonpositive
AV03055,1852,0,nonpositive
AV03110,1820,0,nonpositive
AV03111,1839,0,nonpositive
AV03146,1836,0,nonpositive
AV03200,1871,0,nonpositive
AV03256,1855,0,nonpositive
AV03328,1880,0,nonpositive
AV03329,1881,0,nonpositive
AV03330,1882,0,nonpositive
AV03331,1883,0,nonpositive
AV03332,1884,0,nonpositive
AV03333,1885,0,nonpositive
AV03334,1886,0,nonpositive
AV03338,1818,0,nonpositive
AV03343,1840,0,nonpositive
AV03406,1867,0,nonpositive
AV03432,1845,0,nonpositive
AV03433,1846,0,nonpositive
AV03434,1847,0,nonpositive
AV03436,1849,0,nonpositive
AV03437,1850,0,nonpositive
AV03439,1851,0,nonpositive
AV03452,1846,0,nonpositive
AV03466,1861,0,nonpositive
AV03467,1862,0,nonpositive
AV03477,1855,0,nonpositive
AV03480,1837,0,nonpositive
AV03481,1838,0,nonpositive
AV03482,1838,0,nonpositive
AV03503,1828,0,nonpositive
AV03505,1829,0,nonpositive
AV03514,1849,0,nonpositive
AV03518,1883,0,nonpositive
AV03520,1856,0,nonpositive
AV03530,1845,0,nonpositive
AV03531,1867,0,nonpositive
AV03533,1852,0,nonpositive
AV03564,1860,0,nonpositive
AV03626,1885,0,nonpositive
AV03639,1879,0,nonpositive
AV03640,1880,0,nonpositive
AV03641,1881,0,nonpositive
AV03642,1882,0,nonpositive
AV03643,1883,0,nonpositive
AV03644,1884,0,nonpositive
AV03645,1884,0,nonpositive
AV03646,1885,0,nonpositive
AV03647,1886,0,nonpositive
AV03664,1879,0,nonpositive
AV03665,1880,0,nonpositive
AV03667,1881,0,nonpositive
AV03671,1836,0,nonpositive
AV03693,1841,0,nonpositive
AV03694,1841,0,nonpositive
AV03699,1856,0,nonpositive
AV03719,1896,0,nonpositive
AV03735,1812,0,nonpositive
AV03736,1815,0,nonpositive
AV03737,1815,0,nonpositive
AV03738,1816,0,nonpositive
AV03740,1817,0,nonpositive
AV03741,1818,0,nonpositive
AV03803,1812,0,nonpositive
AV03805,1816,0,nonpositive
AV03807,1817,0,nonpositive
AV03808,1818,0,nonpositive
AV03809,1822,0,nonpositive
AV03811,1823,0,nonpositive
AV03846,1831,0,nonpositive
AV03851,1847,0,nonpositive
AV03856,1851,0,nonpositive
AV03860,1836,0,nonpositive
AV03862,1839,0,nonpositive
AV03900,1832,0,nonpositive
AV03914,1880,0,nonpositive
AV03922,1865,0,nonpositive
AV03926,1872,0,nonpositive
AV03927,1873,0,nonpositive
AV03931,1876,0,nonpositive
AV03933,1878,0,nonpositive
AV03936,1850,0,nonpositive
AV03939,1852,0,nonpositive
AV03940,1852,0,nonpositive
AV03941,1853,0,nonpositive
AV03948,1866,0,nonpositive
AV03989,1819,0,nonpositive
AV03994,1861,0,nonpositive
AV04010,1817,0,nonpositive
AV04014,1816,0,nonpositive
AV04015,1813,0,nonpositive
AV04026,1864,0,nonpositive
AV04033,1865,0,nonpositive
AV04037,1875,0,nonpositive
AV04042,1876,0,nonpositive
AV04045,1861,0,nonpositive
AV04050,1844,0,nonpositive
AV04051,1845,0,nonpositive
AV04052,1846,0,nonpositive
AV04058,1863,0,nonpositive
AV04060,1866,0,nonpositive
AV04064,1872,0,nonpositive
AV04065,1873,0,nonpositive
AV04072,1885,0,nonpositive
AV04079,1898,0,nonpositive
AV04088,1862,0,nonpositive
AV04101,1831,0,nonpositive
AV04123,1854,0,nonpositive
AV04126,1862,0,nonpositive
AV04154,1881,0,nonpositive
AV04158,1885,0,nonpositive
AV04159,1886,0,nonpositive
AV04170,1850,0,nonpositive
AV04186,1821,0,nonpositive
AV04188,1822,0,nonpositive
AV04212,1815,0,nonpositive
AV04215,1820,0,nonpositive
AV04216,1821,0,nonpositive
AV04225,1836,0,nonpositive
AV04238,1846,0,nonpositive
AV04246,1840,0,nonpositive
AV04247,1841,0,nonpositive
AV04253,1864,0,nonpositive
AV04254,1864,0,nonpositive
AV04255,1865,0,nonpositive
AV04260,1834,0,nonpositive
AV04272,1860,0,nonpositive
AV04300,1864,0,nonpositive
AV04301,1865,0,nonpositive
AV04302,1866,0,nonpositive
AV04304,1868,0,nonpositive
AV04305,1870,0,nonpositive
AV04306,1871,0,nonpositive
AV04307,1872,0,nonpositive
AV04309,1873,0,nonpositive
AV04310,1874,0,nonpositive
AV04311,1875,0,nonpositive
AV04312,1876,0,nonpositive
AV04313,1877,0,nonpositive
AV04314,1878,0,nonpositive
AV04315,1879,0,nonpositive
AV04316,1880,0,nonpositive
AV04317,1881,0,nonpositive
AV04318,1882,0,nonpositive
AV04319,1883,0,nonpositive
AV04321,1884,0,nonpositive
AV04322,1885,0,nonpositive
AV04323,1885,0,nonpositive
AV04324,1886,0,nonpositive
AV04325,1887,0,nonpositive
AV04326,1866,0,nonpositive
AV04328,1869,0,nonpositive
AV04332,1874,0,nonpositive
AV04336,1881,0,nonpositive
AV04345,1840,0,nonpositive
AV04381,1862,0,nonpositive
AV04382,1863,0,nonpositive
AV04386,1842,0,nonpositive
AV04392,1828,0,nonpositive
AV04410,1893,0,nonpositive
AV04418,1845,0,nonpositive
AV04419,1851,0,nonpositive
AV04429,1884,0,nonpositive
AV04430,1885,0,nonpositive
AV04436,1889,0,nonpositive
AV04437,1890,0,nonpositive
AV04442,1893,0,nonpositive
AV04443,1894,0,nonpositive
AV04444,1867,0,nonpositive
AV04447,1881,0,nonpositive
AV04461,1857,0,nonpositive
AV04462,1858,0,nonpositive
AV04463,1858,0,nonpositive
AV04464,1859,0,nonpositive
AV04465,1860,0,nonpositive
AV04468,1863,0,nonpositive
AV04469,1864,0,nonpositive
AV04470,1865,0,nonpositive
AV04471,1866,0,nonpositive
AV04472,1867,0,nonpositive
AV04489,1857,0,nonpositive
AV04553,1853,0,nonpositive
AV04559,1864,0,nonpositive
AV04565,1876,0,nonpositive
AV04568,1881,0,nonpositive
AV04571,1886,0,nonpositive
AV04572,1887,0,nonpositive
AV04573,1887,0,nonpositive
AV04574,1888,0,nonpositive
AV04575,1889,0,nonpositive
AV04576,1890,0,nonpositive
AV04578,1891,0,nonpositive
AV04579,1892,0,nonpositive
AV04586,1862,0,nonpositive
AV04605,1850,0,nonpositive
AV04606,1851,0,nonpositive
AV04608,1843,0,nonpositive
AV04609,1844,0,nonpositive
AV04618,1840,0,nonpositive
AV04631,1857,0,nonpositive
AV04632,1858,0,nonpositive
AV04633,1859,0,nonpositive
AV04637,1865,0,nonpositive
AV04638,1866,0,nonpositive
AV04639,1867,0,nonpositive
AV04644,1854,0,nonpositive
AV04646,1867,0,nonpositive
AV04661,1884,0,nonpositive
AV04669,1865,0,nonpositive
AV04670,1866,0,nonpositive
AV04709,1886,0,nonpositive
AV04733,1844,0,nonpositive
AV04743,1815,0,nonpositive
AV04746,1815,0,nonpositive
AV04747,1816,0,nonpositive
AV04749,1817,0,nonpositive
AV04752,1868,0,nonpositive
AV04754,1867,0,nonpositive
AV04757,1878,0,nonpositive
AV04766,1886,0,nonpositive
AV04769,1816,0,nonpositive
AV04779,1846,0,nonpositive
AV04791,1832,0,nonpositive
AV04792,1832,0,nonpositive
AV04799,1820,0,nonpositive
AV04810,1840,0,nonpositive
AV04811,1840,0,nonpositive
AV04812,1841,0,nonpositive
AV04816,1846,0,nonpositive
AV04867,1833,0,nonpositive
AV04879,1881,0,nonpositive
AV04939,1844,0,nonpositive
AV04951,1885,0,nonpositive
AV04977,1876,0,nonpositive
AV04983,1872,0,nonpositive
AV04984,1873,0,nonpositive
AV04986,1875,0,nonpositive
AV04987,1876,0,nonpositive
AV04989,1878,0,nonpositive
AV05006,1869,0,nonpositive
AV05024,1878,0,nonpositive
AV05051,1866,0,nonpositive
AV05062,1822,0,nonpositive
AV05075,1889,0,nonpositive
AV05077,1837,0,nonpositive
AV05100,1835,0,nonpositive
AV05101,1836,0,nonpositive
AV05120,1893,0,nonpositive
AV05125,1833,0,nonpositive
AV05143,1879,0,nonpositive
AV05144,1880,0,nonpositive
AV05145,1881,0,nonpositive
AV05146,1882,0,nonpositive
AV05147,1883,0,nonpositive
AV05148,1884,0,nonpositive
AV05149,1885,0,nonpositive
AV05150,1886,0,nonpositive
AV05152,1888,0,nonpositive
AV05191,1858,0,nonpositive
AV05202,1822,0,nonpositive
AV05262,1840,0,nonpositive
AV05263,1841,0,nonpositive
AV05268,1849,0,nonpositive
AV05269,1850,0,nonpositive
AV05271,1852,0,nonpositive
AV05272,1853,0,nonpositive
AV05288,1837,0,nonpositive
AV05294,1866,0,nonpositive
AV05337,1822,0,nonpositive
AV05345,1875,0,nonpositive
AV05354,1891,0,nonpositive
AV05355,1892,0,nonpositive
AV05356,1893,0,nonpositive
AV05357,1894,0,nonpositive
AV05367,1853,0,nonpositive
AV05368,1853,0,nonpositive
AV05373,1839,0,nonpositive
AV05391,1848,0,nonpositive
AV05417,1898,0,nonpositive
AV05418,1899,0,nonpositive
AV05441,1883,0,nonpositive
AV05442,1884,0,nonpositive
AV05443,1885,0,nonpositive
AV05445,1851,0,nonpositive
AV05447,1851,0,nonpositive
AV05450,1841,0,nonpositive
AV05454,1845,0,nonpositive
AV05466,1845,0,nonpositive
AV05474,1841,0,nonpositive
AV05480,1822,0,nonpositive
AV05484,1818,0,nonpositive
AV05533,1858,0,nonpositive
AV05544,1820,0,nonpositive
AV05583,1839,0,nonpositive
AV05614,1845,0,nonpositive
AV05675,1883,0,nonpositive
AV05676,1884,0,nonpositive
AV05677,1885,0,nonpositive
AV05684,1855,0,nonpositive
AV05688,1863,0,nonpositive
AV05721,1866,0,nonpositive
AV05727,1840,0,nonpositive
AV05728,1842,0,nonpositive
AV05733,1851,0,nonpositive
AV05762,1857,0,nonpositive
AV05768,1868,0,nonpositive
AV05769,1852,0,nonpositive
AV05794,1828,0,nonpositive
AV05857,1895,0,nonpositive
AV05873,1886,0,nonpositive
AV05911,1842,0,nonpositive
AV05915,1854,0,nonpositive
AV05916,1854,0,nonpositive
AV05931,1836,0,nonpositive
AV05932,1837,0,nonpositive
AV05938,1841,0,nonpositive
AV05942,1850,0,nonpositive
AV05960,1871,0,nonpositive
AV05961,1872,0,nonpositive
AV05962,1873,0,nonpositive
AV05963,1874,0,nonpositive
AV05965,1876,0,nonpositive
AV05966,1877,0,nonpositive
AV05967,1879,0,nonpositive
AV05968,1880,0,nonpositive
AV05969,1878,0,nonpositive
AV05970,1868,0,nonpositive
AV05971,1869,0,nonpositive
AV05977,1886,0,nonpositive
AV05978,1887,0,nonpositive
AV05979,1888,0,nonpositive
AV05980,1889,0,nonpositive
AV05987,1845,0,nonpositive
AV05988,1846,0,nonpositive
AV05989,1846,0,nonpositive
AV06001,1842,0,nonpositive
AV06045,1856,0,nonpositive
AV06051,1850,0,nonpositive
AV06052,1851,0,nonpositive
AV06076,1853,0,nonpositive
AV06077,1853,0,nonpositive
AV06078,1853,0,nonpositive
AV06079,1853,0,nonpositive
AV06080,1853,0,nonpositive
AV06081,1854,0,nonpositive
AV06083,1856,0,nonpositive
AV06095,1840,0,nonpositive
AV06112,1815,0,nonpositive
AV06113,1816,0,nonpositive
AV06114,1818,0,nonpositive
AV06125,1822,0,nonpositive
AV06166,1851,0,nonpositive
AV06167,1852,0,nonpositive
AV06168,1853,0,nonpositive
AV06185,1816,0,nonpositive
AV06186,1818,0,nonpositive
AV06194,1833,0,nonpositive
AV06195,1834,0,nonpositive
AV06200,1838,0,nonpositive
AV06203,1852,0,nonpositive
AV06214,1850,0,nonpositive
AV06216,1852,0,nonpositive
AV06218,1831,0,nonpositive
AV06219,1853,0,nonpositive
AV06249,1848,0,nonpositive
AV06262,1881,0,nonpositive
AV06264,1883,0,nonpositive
AV06270,1894,0,nonpositive
AV06274,1816,0,nonpositive
AV06309,1850,0,nonpositive
AV06313,1847,0,nonpositive
AV06314,1848,0,nonpositive
AV06340,1880,0,nonpositive
AV06341,1881,0,nonpositive
AV06342,1882,0,nonpositive
AV06343,1883,0,nonpositive
AV06344,1884,0,nonpositive
AV06345,1885,0,nonpositive
AV06508,1864,0,nonpositive
AV06550,1830,0,nonpositive
AV06594,1846,0,nonpositive
AV06630,1859,0,nonpositive
AV06631,1859,0,nonpositive
AV06643,1815,0,nonpositive
AV06644,1815,0,nonpositive
AV06681,1879,0,nonpositive
AV06682,1880,0,nonpositive
AV06683,1881,0,nonpositive
AV06684,1882,0,nonpositive
AV06685,1883,0,nonpositive
AV06686,1884,0,nonpositive
AV06688,1885,0,nonpositive
AV06689,1886,0,nonpositive
AV06690,1887,0,nonpositive
AV06691,1888,0,nonpositive
AV06692,1889,0,nonpositive
AV06693,1890,0,nonpositive
AV06694,1891,0,nonpositive
AV06695,1892,0,nonpositive
AV06696,1893,0,nonpositive
AV06697,1894,0,nonpositive
AV06698,1895,0,nonpositive
AV06699,1896,0,nonpositive
AV06718,1860,0,nonpositive
AV06791,1862,0,nonpositive
AV06798,1891,0,nonpositive
AV06802,1896,0,nonpositive
AV06803,1897,0,nonpositive
AV06875,1887,0,nonpositive
AV06876,1888,0,nonpositive
AV06881,1891,0,nonpositive
AV06883,1893,0,nonpositive
AV06956,1834,0,nonpositive
AV06957,1835,0,nonpositive
AV06958,1836,0,nonpositive
AV06959,1837,0,nonpositive
AV06960,1838,0,nonpositive
AV06961,1839,0,nonpositive
AV07010,1847,0,nonpositive
AV07042,1821,0,nonpositive
AV07043,1822,0,nonpositive
AV07062,1878,0,nonpositive
AV07063,1816,0,nonpositive
AV07069,1820,0,nonpositive
AV07073,1827,0,nonpositive
AV07074,1828,0,nonpositive
AV07077,1831,0,nonpositive
AV07078,1832,0,nonpositive
AV07079,1833,0,nonpositive
AV07080,1834,0,nonpositive
AV07081,1835,0,nonpositive
AV07083,1845,0,nonpositive
AV07096,1888,0,nonpositive
AV07104,1856,0,nonpositive
AV07108,1827,0,nonpositive
AV07110,1838,0,nonpositive
AV07111,1838,0,nonpositive
AV07112,1838,0,nonpositive
AV07155,1864,0,nonpositive
AV07172,1884,0,nonpositive
AV07173,1863,0,nonpositive
AV07174,1864,0,nonpositive
AV07181,1873,0,nonpositive
AV07237,1889,0,nonpositive
AV07239,1855,0,nonpositive
AV07240,1856,0,nonpositive
AV07241,1857,0,nonpositive
AV07243,1859,0,nonpositive
AV07244,1860,0,nonpositive
AV07245,1861,0,nonpositive
AV07246,1862,0,nonpositive
AV07247,1863,0,nonpositive
AV07250,1886,0,nonpositive
AV07251,1887,0,nonpositive
AV07252,1888,0,nonpositive
AV07253,1889,0,nonpositive
AV07272,1891,0,nonpositive
AV07275,1893,0,nonpositive
AV07276,1894,0,nonpositive
AV07292,1891,0,nonpositive
AV07297,1867,0,nonpositive
AV07299,1869,0,nonpositive
AV07330,1840,0,nonpositive
AV07334,1858,0,nonpositive
AV07342,1889,0,nonpositive
AV07343,1890,0,nonpositive
AV07344,1891,0,nonpositive
AV07345,1892,0,nonpositive
AV07346,1893,0,nonpositive
AV07347,1845,0,nonpositive
AV07348,1849,0,nonpositive
AV07349,1850,0,nonpositive
AV07350,1851,0,nonpositive
AV07353,1817,0,nonpositive
AV07355,1874,0,nonpositive
AV07416,1830,0,nonpositive
AV07443,1842,0,nonpositive
AV07474,1897,0,nonpositive
AV07475,1898,0,nonpositive
AV07476,1899,0,nonpositive
AV07518,1888,0,nonpositive
AV07519,1889,0,nonpositive
AV07520,1890,0,nonpositive
AV07522,1892,0,nonpositive
AV07524,1893,0,nonpositive
AV07533,1868,0,nonpositive
AV07555,1815,0,nonpositive
AV07556,1816,0,nonpositive
AV07557,1816,0,nonpositive
AV07571,1866,0,nonpositive
AV07598,1841,0,nonpositive
AV07609,1845,0,nonpositive
AV07610,1846,0,nonpositive
AV07611,1847,0,nonpositive
AV07612,1848,0,nonpositive
AV07613,1849,0,nonpositive
AV07614,1850,0,nonpositive
AV07615,1851,0,nonpositive
AV07616,1851,0,nonpositive
AV07617,1852,0,nonpositive
AV07618,1853,0,nonpositive
AV07619,1854,0,nonpositive
AV07620,1855,0,nonpositive
AV07622,1856,0,nonpositive
AV07624,1858,0,nonpositive
AV07626,1859,0,nonpositive
AV07628,1861,0,nonpositive
AV07671,1891,0,nonpositive
AV07673,1892,0,nonpositive
AV07674,1893,0,nonpositive
AV07676,1897,0,nonpositive
AV07677,1898,0,nonpositive
AV07678,1899,0,nonpositive
AV07692,1872,0,nonpositive
AV07693,1841,0,nonpositive
AV07735,1866,0,nonpositive
AV07762,1818,0,nonpositive
AV07783,1891,0,nonpositive
AV07807,1867,0,nonpositive
AV07825,1886,0,nonpositive
AV07847,1834,0,nonpositive
AV07848,1834,0,nonpositive
AV07858,1867,0,nonpositive
AV07882,1842,0,nonpositive
AV07912,1893,0,nonpositive
AV07921,1845,0,nonpositive
AV07922,1845,0,nonpositive
AV07944,1837,0,nonpositive
AV07960,1821,0,nonpositive
AV07961,1822,0,nonpositive
AV07976,1816,0,nonpositive
AV07983,1813,0,nonpositive
AV07984,1816,0,nonpositive
AV07985,1818,0,nonpositive
AV08011,1853,0,nonpositive
AV08014,1892,0,nonpositive
AV08018,1898,0,nonpositive
AV08019,1899,0,nonpositive
AV08039,1855,0,nonpositive
AV08059,1858,0,nonpositive
AV08078,1848,0,nonpositive
AV08107,1892,0,nonpositive
AV08120,1853,0,nonpositive
AV08147,1861,0,nonpositive
AV08151,1845,0,nonpositive
AV08183,1846,0,nonpositive
AV08188,1837,0,nonpositive
AV08206,1848,0,nonpositive
AV08243,1848,0,nonpositive
AV08249,1838,0,nonpositive
AV08253,1841,0,nonpositive
AV08254,1842,0,nonpositive
AV08255,1820,0,nonpositive
AV08256,1821,0,nonpositive
AV08257,1831,0,nonpositive
AV08258,1832,0,nonpositive
AV08259,1833,0,nonpositive
AV08260,1834,0,nonpositive
AV08261,1835,0,nonpositive
AV08262,1835,0,nonpositive
AV08263,1836,0,nonpositive
AV08276,1866,0,nonpositive
AV08277,1866,0,nonpositive
AV08318,1878,0,nonpositive
AV08319,1879,0,nonpositive
AV08339,1846,0,nonpositive
AV08379,1855,0,nonpositive
AV08388,1862,0,nonpositive
AV08402,1863,0,nonpositive
AV08403,1853,0,nonpositive
AV08404,1854,0,nonpositive
AV08410,1849,0,nonpositive
AV08411,1850,0,nonpositive
AV08412,1851,0,nonpositive
AV08413,1852,0,nonpositive
AV08431,1830,0,nonpositive
AV08432,1831,0,nonpositive
AV08433,1815,0,nonpositive
AV08434,1815,0,nonpositive
AV08439,1820,0,nonpositive
AV08459,1842,0,nonpositive
AV08510,1881,0,nonpositive
AV08511,1866,0,nonpositive
AV08545,1849,0,nonpositive
AV08565,1875,0,nonpositive
AV08566,1876,0,nonpositive
AV08567,1877,0,nonpositive
AV08569,1880,0,nonpositive
AV08590,1836,0,nonpositive
AV08591,1837,0,nonpositive
AV08595,1844,0,nonpositive
AV08596,1845,0,nonpositive
AV08597,1846,0,nonpositive
AV08598,1847,0,nonpositive
AV08599,1848,0,nonpositive
AV08600,1849,0,nonpositive
AV08601,1850,0,nonpositive
AV08603,1852,0,nonpositive
AV08605,1853,0,nonpositive
AV08606,1854,0,nonpositive
AV08607,1855,0,nonpositive
AV08611,1875,0,nonpositive
AV08678,1841,0,nonpositive
AV08735,1891,0,nonpositive
AV08737,1895,0,nonpositive
AV08738,1896,0,nonpositive
AV08739,1897,0,nonpositive
AV08751,1837,0,nonpositive
AV08754,1840,0,nonpositive
AV08760,1839,0,nonpositive
AV08775,1828,0,nonpositive
AV08776,1829,0,nonpositive
AV08797,1861,0,nonpositive
AV08800,1842,0,nonpositive
AV08828,1871,0,nonpositive
AV08832,1843,0,nonpositive
AV08834,1844,0,nonpositive
AV08836,1846,0,nonpositive
AV08837,1846,0,nonpositive
AV08845,1853,0,nonpositive
AV08861,1850,0,nonpositive
AV08863,1852,0,nonpositive
AV08865,1847,0,nonpositive
AV08881,1856,0,nonpositive
AV08892,1825,0,nonpositive
AV08908,1843,0,nonpositive
AV08924,1876,0,nonpositive
AV08925,1837,0,nonpositive
AV08974,1837,0,nonpositive
AV09028,1845,0,nonpositive
AV09043,1849,0,nonpositive
AV09051,1828,0,nonpositive
AV09082,1890,0,nonpositive
AV09085,1893,0,nonpositive
AV09086,1894,0,nonpositive
AV09137,1833,0,nonpositive
AV09199,1818,0,nonpositive
AV09220,1822,0,nonpositive
AV09230,1886,0,nonpositive
AV09231,1851,0,nonpositive
AV09257,1888,0,nonpositive
AV09283,1835,0,nonpositive
AV09284,1835,0,nonpositive
AV09319,1871,0,nonpositive
AV09321,1874,0,nonpositive
AV09323,1875,0,nonpositive
AV09324,1876,0,nonpositive
AV09325,1877,0,nonpositive
AV09326,1878,0,nonpositive
AV09329,1856,0,nonpositive
AV09346,1865,0,nonpositive
AV09352,1867,0,nonpositive
AV09354,1867,0,nonpositive
AV09357,1878,0,nonpositive
AV09358,1879,0,nonpositive
AV09359,1880,0,nonpositive
AV09360,1881,0,nonpositive
AV09361,1882,0,nonpositive
AV09362,1883,0,nonpositive
AV09363,1884,0,nonpositive
AV09364,1885,0,nonpositive
AV09365,1886,0,nonpositive
AV09366,1887,0,nonpositive
AV09372,1889,0,nonpositive
AV09374,1890,0,nonpositive
AV09375,1891,0,nonpositive
AV09376,1892,0,nonpositive
AV09377,1852,0,nonpositive
AV09395,1849,0,nonpositive
AV09397,1850,0,nonpositive
AV09401,1815,0,nonpositive
AV09402,1815,0,nonpositive
AV09403,1816,0,nonpositive
AV09404,1816,0,nonpositive
AV09414,1816,0,nonpositive
AV09456,1851,0,nonpositive
AV09457,1853,0,nonpositive
AV09490,1846,0,nonpositive
AV09491,1847,0,nonpositive
AV09493,1848,0,nonpositive
AV09494,1849,0,nonpositive
AV09495,1850,0,nonpositive
AV09496,1850,0,nonpositive
AV09497,1851,0,nonpositive
AV09498,1852,0,nonpositive
AV09514,1844,0,nonpositive
AV09517,1848,0,nonpositive
AV09518,1849,0,nonpositive
AV09531,1870,0,nonpositive
AV09536,1828,0,nonpositive
AV09538,1829,0,nonpositive
AV09540,1831,0,nonpositive
AV09552,1830,0,nonpositive
AV09593,1840,0,nonpositive
AV09594,1841,0,nonpositive
AV09596,1842,0,nonpositive
AV09597,1842,0,nonpositive
AV09637,1893,0,nonpositive
AV09638,1894,0,nonpositive
AV09639,1895,0,nonpositive
AV09640,1896,0,nonpositive
AV09641,1899,0,nonpositive
AV09696,1858,0,nonpositive
AV09701,1831,0,nonpositive
AV09702,1832,0,nonpositive
AV09703,1833,0,nonpositive
AV09704,1835,0,nonpositive
AV09705,1836,0,nonpositive
AV09766,1835,0,nonpositive
AV09819,1864,0,nonpositive
AV09823,1871,0,nonpositive
AV09838,1818,0,nonpositive
AV09878,1821,0,nonpositive
AV09920,1864,0,nonpositive
AV09921,1865,0,nonpositive
AV09934,1848,0,nonpositive
AV09977,1853,0,nonpositive
AV09985,1862,0,nonpositive
AV09987,1846,0,nonpositive
AV09990,1852,0,nonpositive
AV09994,1856,0,nonpositive
AV10003,1853,0,nonpositive
AV10004,1854,0,nonpositive
AV10005,1855,0,nonpositive
AV10006,1856,0,nonpositive
AV10009,1859,0,nonpositive
AV10010,1859,0,nonpositive
AV10012,1863,0,nonpositive
AV10013,1864,0,nonpositive
AV10017,1869,0,nonpositive
AV10019,1870,0,nonpositive
AV10020,1871,0,nonpositive
AV10078,1863,0,nonpositive
AV10101,1842,0,nonpositive
AV10110,1812,0,nonpositive
AV10115,1844,0,nonpositive
AV10140,1854,0,nonpositive
AV10141,1855,0,nonpositive
AV10143,1857,0,nonpositive
AV10146,1853,0,nonpositive
AV10147,1854,0,nonpositive
AV10148,1855,0,nonpositive
AV10166,1857,0,nonpositive
AV10167,1858,0,nonpositive
AV10168,1859,0,nonpositive
AV10169,1860,0,nonpositive
AV10170,1861,0,nonpositive
AV10171,1862,0,nonpositive
AV10172,1863,0,nonpositive
AV10174,1865,0,nonpositive
AV10175,1866,0,nonpositive
AV10179,1872,0,nonpositive
AV10180,1873,0,nonpositive
AV10181,1874,0,nonpositive
AV10182,1874,0,nonpositive
AV10183,1875,0,nonpositive
AV10184,1876,0,nonpositive
AV10186,1877,0,nonpositive
AV10187,1878,0,nonpositive
AV10188,1879,0,nonpositive
AV10189,1880,0,nonpositive
AV10190,1881,0,nonpositive
AV10206,1812,0,nonpositive
AV10207,1813,0,nonpositive
AV10208,1815,0,nonpositive
AV10209,1822,0,nonpositive
AV10252,1883,0,nonpositive
AV10255,1886,0,nonpositive
AV10256,1887,0,nonpositive
AV10257,1888,0,nonpositive
AV10258,1889,0,nonpositive
AV10259,1890,0,nonpositive
AV10260,1891,0,nonpositive
AV10263,1894,0,nonpositive
AV10264,1895,0,nonpositive
AV10265,1896,0,nonpositive
AV10276,1846,0,nonpositive
AV10299,1853,0,nonpositive
AV10304,1824,0,nonpositive
AV10310,1842,0,nonpositive
AV10324,1897,0,nonpositive
AV10353,1834,0,nonpositive
AV10354,1834,0,nonpositive
AV10384,1822,0,nonpositive
AV10425,1815,0,nonpositive
AV10427,1815,0,nonpositive
AV10428,1816,0,nonpositive
AV10429,1816,0,nonpositive
AV10441,1847,0,nonpositive
AV10498,1874,0,nonpositive
AV10500,1876,0,nonpositive
AV10502,1851,0,nonpositive
AV10503,1852,0,nonpositive
AV10519,1835,0,nonpositive
AV10533,1848,0,nonpositive
AV10569,1845,0,nonpositive
AV10608,1842,0,nonpositive
AV10633,1881,0,nonpositive
AV10637,1884,0,nonpositive
AV10638,1885,0,nonpositive
AV10639,1886,0,nonpositive
AV10647,1891,0,nonpositive
AV10656,1831,0,nonpositive
AV10661,1844,0,nonpositive
AV10694,1878,0,nonpositive
AV10704,1886,0,nonpositive
AV10705,1887,0,nonpositive
AV10706,1888,0,nonpositive
AV10707,1889,0,nonpositive
AV10708,1890,0,nonpositive
AV10731,1862,0,nonpositive
AV10756,1823,0,nonpositive
AV10760,1869,0,nonpositive
AV10824,1815,0,nonpositive
AV10831,1831,0,nonpositive
AV10836,1858,0,nonpositive
AV10837,1866,0,nonpositive
AV10839,1867,0,nonpositive
AV10850,1821,0,nonpositive
AV10852,1861,0,nonpositive
AV10853,1862,0,nonpositive
AV10874,1851,0,nonpositive
AV10876,1853,0,nonpositive
AV10897,1845,0,nonpositive
AV10925,1811,0,nonpositive
AV10930,1883,0,nonpositive
AV10932,1885,0,nonpositive
AV10933,1886,0,nonpositive
AV10935,1887,0,nonpositive
AV10936,1888,0,nonpositive
AV10937,1889,0,nonpositive
AV10938,1890,0,nonpositive
AV10939,1891,0,nonpositive
AV10940,1892,0,nonpositive
AV10941,1893,0,nonpositive
AV10942,1894,0,nonpositive
AV10943,1895,0,nonpositive
AV10944,1896,0,nonpositive
AV10945,1897,0,nonpositive
AV10949,1861,0,nonpositive
AV10950,1862,0,nonpositive
AV10964,1869,0,nonpositive
AV10982,1816,0,nonpositive
AV10989,1835,0,nonpositive
AV10990,1836,0,nonpositive
AV10991,1837,0,nonpositive
AV11002,1840,0,nonpositive
AV11009,1857,0,nonpositive
AV11019,1872,0,nonpositive
AV11096,1845,0,nonpositive
AV11101,1864,0,nonpositive
AV11103,1865,0,nonpositive
AV11112,1840,0,nonpositive
AV11141,1840,0,nonpositive
AV11176,1864,0,nonpositive
AV11192,1883,0,nonpositive
AV11193,1884,0,nonpositive
AV11215,1886,0,nonpositive
AV11224,1855,0,nonpositive
AV11229,1841,0,nonpositive
AV11233,1857,0,nonpositive
AV11244,1850,0,nonpositive
AV11249,1845,0,nonpositive
AV11288,1849,0,nonpositive
AV11300,1815,0,nonpositive
AV11301,1822,0,nonpositive
AV11329,1863,0,nonpositive
AV11399,1892,0,nonpositive
AV11400,1893,0,nonpositive
AV11420,1849,0,nonpositive
AV11477,1866,0,nonpositive
AV11478,1866,0,nonpositive
AV11480,1867,0,nonpositive
AV11482,1868,0,nonpositive
AV11483,1870,0,nonpositive
AV11486,1871,0,nonpositive
AV11495,1876,0,nonpositive
AV11502,1879,0,nonpositive
AV11526,1816,0,nonpositive
AV11586,1839,0,nonpositive
AV11632,1840,0,nonpositive
AV11634,1841,0,nonpositive
AV11643,1839,0,nonpositive
AV11644,1840,0,nonpositive
AV11653,1833,0,nonpositive
AV11687,1869,0,nonpositive
AV11697,1867,0,nonpositive
AV11700,1866,0,nonpositive
AV11701,1867,0,nonpositive
AV11709,1830,0,nonpositive
AV11791,1834,0,nonpositive
AV11792,1835,0,nonpositive
AV11793,1835,0,nonpositive
AV11794,1836,0,nonpositive
AV11795,1857,0,nonpositive
AV11802,1844,0,nonpositive
AV11838,1823,0,nonpositive
AV11839,1820,0,nonpositive
AV11841,1822,0,nonpositive
AV11844,1826,0,nonpositive
AV11845,1828,0,nonpositive
AV11847,1836,0,nonpositive
AV11848,1837,0,nonpositive
AV11853,1850,0,nonpositive
AV11888,1822,0,nonpositive
AV11894,1812,0,nonpositive
AV11897,1815,0,nonpositive
AV11899,1816,0,nonpositive
AV11912,1816,0,nonpositive
AV11919,1823,0,nonpositive
AV11957,1865,0,nonpositive
AV11973,1851,0,nonpositive
AV11974,1852,0,nonpositive
AV11975,1853,0,nonpositive
AV11976,1834,0,nonpositive
AV11978,1836,0,nonpositive
AV11979,1837,0,nonpositive
AV11982,1838,0,nonpositive
AV11995,1879,0,nonpositive
AV12006,1866,0,nonpositive
AV12008,1868,0,nonpositive
AV12016,1870,0,nonpositive
AV12019,1875,0,nonpositive
AV12026,1883,0,nonpositive
AV12027,1884,0,nonpositive
AV12028,1885,0,nonpositive
AV12029,1886,0,nonpositive
AV12037,1832,0,nonpositive
AV12038,1833,0,nonpositive
AV12044,1882,0,nonpositive
AV12045,1849,0,nonpositive
AV12046,1850,0,nonpositive
AV12047,1851,0,nonpositive
AV12048,1851,0,nonpositive
AV12049,1852,0,nonpositive
AV12050,1853,0,nonpositive
AV12051,1853,0,nonpositive
AV12052,1856,0,nonpositive
AV12053,1857,0,nonpositive
AV12055,1858,0,nonpositive
AV12056,1859,0,nonpositive
AV12058,1860,0,nonpositive
AV12059,1861,0,nonpositive
AV12061,1863,0,nonpositive
AV12080,1868,0,nonpositive
AV12082,1862,0,nonpositive
AV12084,1863,0,nonpositive
AV12085,1863,0,nonpositive
AV12086,1864,0,nonpositive
AV12097,1882,0,nonpositive
AV12149,1827,0,nonpositive
AV12150,1827,0,nonpositive
AV12151,1827,0,nonpositive
AV12152,1827,0,nonpositive
AV12153,1827,0,nonpositive
AV12154,1827,0,nonpositive
AV12155,1827,0,nonpositive
AV12199,1855,0,nonpositive
AV12202,1841,0,nonpositive
AV12203,1887,0,nonpositive
AV12215,1828,0,nonpositive
AV12241,1893,0,nonpositive
AV12242,1894,0,nonpositive
AV12246,1834,0,nonpositive
AV12247,1834,0,nonpositive
AV12258,1856,0,nonpositive
AV12259,1858,0,nonpositive
AV12260,1859,0,nonpositive
AV12261,1860,0,nonpositive
AV12262,1861,0,nonpositive
AV12274,1855,0,nonpositive
AV12275,1856,0,nonpositive
AV12276,1856,0,nonpositive
AV12277,1857,0,nonpositive
AV12278,1858,0,nonpositive
AV12279,1859,0,nonpositive
AV12280,1859,0,nonpositive
AV12289,1828,0,nonpositive
AV12322,1844,0,nonpositive
AV12323,1845,0,nonpositive
AV12324,1846,0,nonpositive
AV12325,1844,0,nonpositive
AV12326,1845,0,nonpositive
AV12327,1846,0,nonpositive
AV12328,1847,0,nonpositive
AV12329,1848,0,nonpositive
AV12330,1849,0,nonpositive
AV12331,1850,0,nonpositive
AV12332,1851,0,nonpositive
AV12333,1851,0,nonpositive
AV12334,1852,0,nonpositive
AV12335,1853,0,nonpositive
AV12336,1854,0,nonpositive
AV12337,1855,0,nonpositive
AV12339,1857,0,nonpositive
AV12351,1837,0,nonpositive
AV12355,1862,0,nonpositive
AV12357,1865,0,nonpositive
AV12361,1869,0,nonpositive
AV12362,1870,0,nonpositive
AV12363,1871,0,nonpositive
AV12364,1872,0,nonpositive
AV12365,1873,0,nonpositive
AV12366,1874,0,nonpositive
AV12367,1875,0,nonpositive
AV12368,1876,0,nonpositive
AV12369,1877,0,nonpositive
AV12370,1878,0,nonpositive
AV12372,1879,0,nonpositive
AV12375,1881,0,nonpositive
AV12376,1882,0,nonpositive
AV12377,1883,0,nonpositive
AV12378,1884,0,nonpositive
AV12379,1885,0,nonpositive
AV12380,1886,0,nonpositive
AV12381,1887,0,nonpositive
AV12383,1889,0,nonpositive
AV12386,1892,0,nonpositive
AV12388,1894,0,nonpositive
AV12389,1894,0,nonpositive
AV12390,1895,0,nonpositive
AV12391,1896,0,nonpositive
AV12392,1897,0,nonpositive
AV12404,1849,0,nonpositive
AV12410,1831,0,nonpositive
AV12411,1833,0,nonpositive
AV12412,1833,0,nonpositive
AV12413,1838,0,nonpositive
AV12428,1870,0,nonpositive
AV12520,1881,0,nonpositive
AV12521,1884,0,nonpositive
AV12523,1886,0,nonpositive
AV12538,1888,0,nonpositive
AV12539,1889,0,nonpositive
AV12540,1890,0,nonpositive
AV12541,1891,0,nonpositive
AV12542,1892,0,nonpositive
AV12543,1893,0,nonpositive
AV12545,1896,0,nonpositive
AV12553,1863,0,nonpositive
AV12554,1864,0,nonpositive
AV12586,1831,0,nonpositive
AV12605,1881,0,nonpositive
AV12614,1859,0,nonpositive
AV12678,1851,0,nonpositive
AV12679,1852,0,nonpositive
AV12680,1833,0,nonpositive
AV12690,1852,0,nonpositive
AV12691,1853,0,nonpositive
AV12693,1854,0,nonpositive
AV12694,1855,0,nonpositive
AV12697,1858,0,nonpositive
AV12699,1859,0,nonpositive
AV12700,1860,0,nonpositive
AV12706,1858,0,nonpositive
AV12707,1858,0,nonpositive
AV12708,1858,0,nonpositive
AV12711,1859,0,nonpositive
AV12720,1838,0,nonpositive
AV12731,1816,0,nonpositive
AV12745,1815,0,nonpositive
AV12788,1861,0,nonpositive
AV12789,1861,0,nonpositive
AV12790,1861,0,nonpositive
AV12791,1861,0,nonpositive
AV12792,1861,0,nonpositive
AV12793,1846,0,nonpositive
AV12796,1849,0,nonpositive
AV12798,1850,0,nonpositive
AV12799,1851,0,nonpositive
AV12801,1855,0,nonpositive
AV12819,1886,0,nonpositive
AV12841,1852,0,nonpositive
AV12861,1864,0,nonpositive
AV12879,1878,0,nonpositive
AV12897,1865,0,nonpositive
AV12903,1872,0,nonpositive
AV12908,1878,0,nonpositive
AV12910,1879,0,nonpositive
AV12911,1880,0,nonpositive
AV12912,1881,0,nonpositive
AV12914,1883,0,nonpositive
AV12915,1885,0,nonpositive
AV12916,1886,0,nonpositive
AV12919,1853,0,nonpositive
AV12930,1841,0,nonpositive
AV12931,1841,0,nonpositive
AV12937,1843,0,nonpositive
AV12943,1825,0,nonpositive
AV12944,1825,0,nonpositive
AV12954,1889,0,nonpositive
AV12970,1869,0,nonpositive
AV12971,1870,0,nonpositive
AV12980,1860,0,nonpositive
AV12986,1853,0,nonpositive
AV12999,1878,0,nonpositive
AV13003,1881,0,nonpositive
AV13004,1882,0,nonpositive
AV13006,1884,0,nonpositive
AV13008,1885,0,nonpositive
AV13009,1886,0,nonpositive
AV13013,1889,0,nonpositive
AV13015,1891,0,nonpositive
AV13060,1858,0,nonpositive
AV13079,1891,0,nonpositive
AV13082,1893,0,nonpositive
AV13083,1851,0,nonpositive
AV13086,1856,0,nonpositive
AV13118,1841,0,nonpositive
AV13124,1854,0,nonpositive
AV13132,1842,0,nonpositive
AV13135,1822,0,nonpositive
AV13136,1853,0,nonpositive
AV13166,1849,0,nonpositive
AV13167,1850,0,nonpositive
AV13168,1851,0,nonpositive
AV13169,1852,0,nonpositive
AV13186,1893,0,nonpositive
AV13189,1833,0,nonpositive
AV13193,1855,0,nonpositive
AV13208,1844,0,nonpositive
AV13209,1844,0,nonpositive
AV13231,1864,0,nonpositive
AV13243,1844,0,nonpositive
AV13244,1883,0,nonpositive
AV13251,1822,0,nonpositive
AV13255,1829,0,nonpositive
AV13256,1829,0,nonpositive
AV13257,1830,0,nonpositive
AV13296,1850,0,nonpositive
AV13305,1847,0,nonpositive
AV13323,1860,0,nonpositive
AV13397,1883,0,nonpositive
AV13398,1884,0,nonpositive
AV13400,1885,0,nonpositive
AV13401,1886,0,nonpositive
AV13403,1888,0,nonpositive
AV13404,1889,0,nonpositive
AV13410,1892,0,nonpositive
AV13411,1893,0,nonpositive
AV13436,1815,0,nonpositive
AV13487,1843,0,nonpositive
AV13490,1856,0,nonpositive
AV13492,1844,0,nonpositive
AV13493,1845,0,nonpositive
AV13494,1853,0,nonpositive
AV13495,1816,0,nonpositive
AV13497,1815,0,nonpositive
AV13498,1815,0,nonpositive
AV13499,1815,0,nonpositive
AV13500,1816,0,nonpositive
AV13501,1816,0,nonpositive
AV13502,1817,0,nonpositive
AV13509,1811,0,nonpositive
AV13548,1863,0,nonpositive
AV13573,1878,0,nonpositive
AV13600,1863,0,nonpositive
AV13601,1864,0,nonpositive
AV13602,1865,0,nonpositive
AV13702,1888,0,nonpositive
AV13703,1889,0,nonpositive
AV13704,1890,0,nonpositive
AV13706,1891,0,nonpositive
AV13707,1892,0,nonpositive
AV13714,1815,0,nonpositive
AV13720,1845,0,nonpositive
AV13721,1846,0,nonpositive
AV13722,1846,0,nonpositive
AV13724,1838,0,nonpositive
AV13727,1840,0,nonpositive
AV13729,1863,0,nonpositive
AV13740,1836,0,nonpositive
AV13741,1826,0,nonpositive
AV13744,1839,0,nonpositive
AV13787,1846,0,nonpositive
AV13791,1812,0,nonpositive
AV13792,1822,0,nonpositive
AV13841,1880,0,nonpositive
AV13842,1881,0,nonpositive
AV13849,1865,0,nonpositive
AV13855,1845,0,nonpositive
AV13856,1848,0,nonpositive
AV13866,1831,0,nonpositive
AV13867,1833,0,nonpositive
AV13868,1834,0,nonpositive
AV13869,1836,0,nonpositive
AV13872,1832,0,nonpositive
AV13914,1884,0,nonpositive
AV13915,1885,0,nonpositive
AV13916,1886,0,nonpositive
AV13918,1888,0,nonpositive
AV13919,1889,0,nonpositive
AV13920,1890,0,nonpositive
AV13922,1892,0,nonpositive
AV13924,1893,0,nonpositive
AV13928,1896,0,nonpositive
AV13929,1897,0,nonpositive
AV13930,1898,0,nonpositive
AV13932,1899,0,nonpositive
AV13952,1815,0,nonpositive
AV13954,1865,0,nonpositive
AV13959,1869,0,nonpositive
AV13960,1870,0,nonpositive
AV13983,1828,0,nonpositive
AV13995,1844,0,nonpositive
AV14011,1821,0,nonpositive
AV14012,1822,0,nonpositive
AV14030,1866,0,nonpositive
AV14039,1854,0,nonpositive
AV14099,1835,0,nonpositive
AV14100,1835,0,nonpositive
AV14140,1881,0,nonpositive
AV14142,1837,0,nonpositive
AV14180,1844,0,nonpositive
AV14182,1845,0,nonpositive
AV14183,1845,0,nonpositive
AV14185,1846,0,nonpositive
AV14186,1847,0,nonpositive
AV14187,1847,0,nonpositive
AV14204,1843,0,nonpositive
AV14214,1839,0,nonpositive
AV14215,1839,0,nonpositive
AV14222,1845,0,nonpositive
AV14229,1866,0,nonpositive
AV14264,1815,0,nonpositive
AV14272,1865,0,nonpositive
AV14273,1865,0,nonpositive
AV14275,1872,0,nonpositive
AV14276,1873,0,nonpositive
AV14282,1881,0,nonpositive
AV14284,1883,0,nonpositive
AV14288,1850,0,nonpositive
AV14290,1852,0,nonpositive
AV14291,1853,0,nonpositive
AV14292,1853,0,nonpositive
AV14293,1854,0,nonpositive
AV14294,1855,0,nonpositive
AV14296,1856,0,nonpositive
AV14297,1856,0,nonpositive
AV14298,1857,0,nonpositive
AV14299,1862,0,nonpositive
AV14300,1863,0,nonpositive
AV14303,1865,0,nonpositive
AV14304,1866,0,nonpositive
AV14307,1871,0,nonpositive
AV14310,1877,0,nonpositive
AV14314,1823,0,nonpositive
AV14324,1821,0,nonpositive
AV14413,1843,0,nonpositive
AV14960,1816,0,nonpositive
AV14988,1820,0,nonpositive
AV15044,1823,0,nonpositive
AV15048,1838,0,nonpositive
AV15052,1841,0,nonpositive
AV15058,1856,0,nonpositive
AV15061,1859,0,nonpositive
AV15062,1860,0,nonpositive
AV15064,1861,0,nonpositive
AV15065,1863,0,nonpositive
AV15067,1865,0,nonpositive
AV15068,1866,0,nonpositive
AV15070,1867,0,nonpositive
AV15071,1868,0,nonpositive
AV15099,1860,0,nonpositive
AV15136,1822,0,nonpositive
AV15139,1830,0,nonpositive
AV15143,1821,0,nonpositive
AV15144,1850,0,nonpositive
AV15159,1823,0,nonpositive
AV15168,1879,0,nonpositive
AV15199,1862,0,nonpositive
AV15200,1850,0,nonpositive
AV15201,1851,0,nonpositive
AV15203,1852,0,nonpositive
AV15204,1853,0,nonpositive
AV15205,1854,0,nonpositive
AV15212,1862,0,nonpositive
AV15213,1863,0,nonpositive
AV15220,1874,0,nonpositive
AV15222,1876,0,nonpositive
AV15224,1879,0,nonpositive
AV15226,1881,0,nonpositive
AV15227,1882,0,nonpositive
AV15230,1856,0,nonpositive
AV15233,1861,0,nonpositive
AV15247,1853,0,nonpositive
AV15248,1854,0,nonpositive
AV15249,1858,0,nonpositive
AV15254,1850,0,nonpositive
AV15255,1851,0,nonpositive
AV15258,1854,0,nonpositive
AV15259,1855,0,nonpositive
AV15262,1858,0,nonpositive
AV15265,1862,0,nonpositive
AV15266,1863,0,nonpositive
AV15271,1850,0,nonpositive
AV15274,1853,0,nonpositive
AV15304,1888,0,nonpositive
AV15307,1891,0,nonpositive
AV15308,1892,0,nonpositive
AV15309,1893,0,nonpositive
AV15322,1834,0,nonpositive
AV15323,1834,0,nonpositive
AV15324,1834,0,nonpositive
AV15336,1812,0,nonpositive
AV15347,1841,0,nonpositive
AV15400,1867,0,nonpositive
AV15432,1861,0,nonpositive
AV15435,1865,0,nonpositive
AV15436,1866,0,nonpositive
AV15437,1867,0,nonpositive
AV15439,1869,0,nonpositive
AV15443,1833,0,nonpositive
AV15447,1856,0,nonpositive
AV15473,1860,0,nonpositive
AV15474,1861,0,nonpositive
AV15475,1862,0,nonpositive
AV15477,1883,0,nonpositive
AV15482,1825,0,nonpositive
AV15488,1845,0,nonpositive
AV15495,1841,0,nonpositive
AV15498,1836,0,nonpositive
AV15499,1836,0,nonpositive
AV15502,1838,0,nonpositive
AV15507,1827,0,nonpositive
AV15534,1885,0,nonpositive
AV15535,1886,0,nonpositive
AV15537,1888,0,nonpositive
AV15538,1889,0,nonpositive
AV15539,1889,0,nonpositive
AV15540,1890,0,nonpositive
AV15541,1891,0,nonpositive
AV15542,1892,0,nonpositive
AV15543,1893,0,nonpositive
AV15544,1894,0,nonpositive
AV15545,1895,0,nonpositive
AV15546,1896,0,nonpositive
AV15547,1897,0,nonpositive
AV15549,1898,0,nonpositive
AV15550,1899,0,nonpositive
AV15561,1817,0,nonpositive
AV15575,1841,0,nonpositive
AV15585,1838,0,nonpositive
AV15590,1818,0,nonpositive
AV15591,1820,0,nonpositive
AV15595,1857,0,nonpositive
AV15611,1896,0,nonpositive
AV15612,1897,0,nonpositive
AV15613,1898,0,nonpositive
AV15614,1899,0,nonpositive
AV15640,1890,0,nonpositive
AV15641,1891,0,nonpositive
AV15642,1892,0,nonpositive
AV15643,1893,0,nonpositive
AV15656,1855,0,nonpositive
AV15660,1841,0,nonpositive
AV15661,1842,0,nonpositive
AV15680,1853,0,nonpositive
AV15681,1853,0,nonpositive
AV15682,1853,0,nonpositive
AV15683,1853,0,nonpositive
AV15685,1854,0,nonpositive
AV15687,1856,0,nonpositive
AV15688,1856,0,nonpositive
AV15703,1858,0,nonpositive
AV15745,1863,0,nonpositive
AV15747,1866,0,nonpositive
AV15748,1867,0,nonpositive
AV15749,1868,0,nonpositive
AV15750,1869,0,nonpositive
AV15751,1870,0,nonpositive
AV15752,1871,0,nonpositive
AV15754,1874,0,nonpositive
AV15756,1876,0,nonpositive
AV15772,1867,0,nonpositive
AV15789,1850,0,nonpositive
AV15801,1866,0,nonpositive
AV15802,1867,0,nonpositive
AV15803,1868,0,nonpositive
AV15816,1827,0,nonpositive
AV15831,1844,0,nonpositive
AV15838,1830,0,nonpositive
AV15862,1840,0,nonpositive
AV15884,1867,0,nonpositive
AV15892,1885,0,nonpositive
AV15893,1886,0,nonpositive
AV15894,1887,0,nonpositive
AV15930,1841,0,nonpositive
AV16779,1867,0,nonpositive
AV16781,1866,0,nonpositive
AV16782,1865,0,nonpositive
AV16784,1864,0,nonpositive
AV16785,1870,0,nonpositive
AV16786,1854,0,nonpositive
AV16788,1881,0,nonpositive
AV16798,1815,0,nonpositive
AV16800,1878,0,nonpositive
AV16818,1821,0,nonpositive
AV16819,1821,0,nonpositive
AV16821,1850,0,nonpositive
AV16823,1818,0,nonpositive
AV16825,1821,0,nonpositive
AV16834,1857,0,nonpositive
AV16837,1821,0,nonpositive
AV16861,1816,0,nonpositive
AV16941,1860,0,nonpositive
AV16943,1879,0,nonpositive
AV16947,1854,0,nonpositive
AV16951,1856,0,nonpositive
AV16957,1857,0,nonpositive
AV16958,1858,0,nonpositive
AV16959,1859,0,nonpositive
AV16960,1830,0,nonpositive
AV16961,1863,0,nonpositive
AV16963,1864,0,nonpositive
AV16965,1865,0,nonpositive
AV16970,1861,0,nonpositive
AV16977,1865,0,nonpositive
AV16984,1870,0,nonpositive
AV16989,1859,0,nonpositive
AV16990,1857,0,nonpositive
AV16991,1855,0,nonpositive
AV16994,1858,0,nonpositive
AV16995,1856,0,nonpositive
AV16996,1857,0,nonpositive
AV16998,1855,0,nonpositive
AV16999,1856,0,nonpositive
AV17000,1857,0,nonpositive
AV17001,1858,0,nonpositive
AV17003,1856,0,nonpositive
AV17009,1855,0,nonpositive
AV17014,1859,0,nonpositive
AV17018,1876,0,nonpositive
AV17019,1876,0,nonpositive
AV17022,1858,0,nonpositive
AV17023,1859,0,nonpositive
AV17024,1859,0,nonpositive
AV17025,1835,0,nonpositive
AV17030,1883,0,nonpositive
AV17078,1861,0,nonpositive
AV17082,1889,0,nonpositive
AV17087,1878,0,nonpositive
AV17088,1879,0,nonpositive
AV17097,1844,0,nonpositive
AV17136,1880,0,nonpositive
AV17137,1824,0,nonpositive
AV17139,1812,0,nonpositive
AV17143,1815,0,nonpositive
AV17159,1853,0,nonpositive
AV17161,1854,0,nonpositive
AV17168,1848,0,nonpositive
AV17206,1855,0,nonpositive
AV17275,1853,0,nonpositive
AV19302,1824,0,nonpositive
AV19382,1887,0,nonpositive
AV19731,1810,0,nonpositive
AV19855,1844,0,nonpositive
AV19856,1835,0,nonpositive
